Datetime,Water Level (m)
2026-07-18 18:00:00,1.2515073
2026-07-18 19:00:00,1.5686922
2026-07-18 20:00:00,1.5850439
2026-07-18 21:00:00,1.3083273
2026-07-18 22:00:00,0.78753775
2026-07-18 23:00:00,0.1353403
2026-07-19 00:00:00,-0.43111685
2026-07-19 01:00:00,-0.8119011
2026-07-19 02:00:00,-0.8544662
2026-07-19 03:00:00,-0.35645208
2026-07-19 04:00:00,0.35036355
2026-07-19 05:00:00,0.9933078
2026-07-19 06:00:00,1.4861996
2026-07-19 07:00:00,1.7610813
2026-07-19 08:00:00,1.7613962
2026-07-19 09:00:00,1.4776219
2026-07-19 10:00:00,0.96853024
2026-07-19 11:00:00,0.3194304
2026-07-19 12:00:00,-0.2695215
2026-07-19 13:00:00,-0.7289951
2026-07-19 14:00:00,-0.9770122
2026-07-19 15:00:00,-0.8163093
2026-07-19 16:00:00,-0.22673473
2026-07-19 17:00:00,0.3985715
2026-07-19 18:00:00,0.98059595
2026-07-19 19:00:00,1.394872
2026-07-19 20:00:00,1.5689563
2026-07-19 21:00:00,1.4697813
2026-07-19 22:00:00,1.1390059
2026-07-19 23:00:00,0.63404554
2026-07-20 00:00:00,0.07436283
2026-07-20 01:00:00,-0.38152078
2026-07-20 02:00:00,-0.64189935
2026-07-20 03:00:00,-0.553276
2026-07-20 04:00:00,-0.07383547
2026-07-20 05:00:00,0.45945364
2026-07-20 06:00:00,0.9602996
2026-07-20 07:00:00,1.3460615
2026-07-20 08:00:00,1.5533164
2026-07-20 09:00:00,1.5070137
2026-07-20 10:00:00,1.2108711
2026-07-20 11:00:00,0.7126798
2026-07-20 12:00:00,0.14528237
2026-07-20 13:00:00,-0.33064198
2026-07-20 14:00:00,-0.66379577
2026-07-20 15:00:00,-0.7413868
2026-07-20 16:00:00,-0.4239919
2026-07-20 17:00:00,0.08659549
2026-07-20 18:00:00,0.6048867
2026-07-20 19:00:00,1.0423146
2026-07-20 20:00:00,1.3101572
2026-07-20 21:00:00,1.3964353
2026-07-20 22:00:00,1.2957492
2026-07-20 23:00:00,1.0039957
2026-07-21 00:00:00,0.5580902
2026-07-21 01:00:00,0.111286476
2026-07-21 02:00:00,-0.223614
2026-07-21 03:00:00,-0.36996004
2026-07-21 04:00:00,-0.22978303
2026-07-21 05:00:00,0.13017932
2026-07-21 06:00:00,0.5468726
2026-07-21 07:00:00,0.93653625
2026-07-21 08:00:00,1.2218665
2026-07-21 09:00:00,1.3473829
2026-07-21 10:00:00,1.2850347
2026-07-21 11:00:00,1.008031
2026-07-21 12:00:00,0.5792635
2026-07-21 13:00:00,0.14797391
2026-07-21 14:00:00,-0.1957626
2026-07-21 15:00:00,-0.3972564
2026-07-21 16:00:00,-0.38816607
2026-07-21 17:00:00,-0.13005565
2026-07-21 18:00:00,0.24569528
2026-07-21 19:00:00,0.63647866
2026-07-21 20:00:00,0.9806457
2026-07-21 21:00:00,1.2170571
2026-07-21 22:00:00,1.30507
2026-07-21 23:00:00,1.2163204
2026-07-22 00:00:00,0.9547117
2026-07-22 01:00:00,0.57638186
2026-07-22 02:00:00,0.22843891
2026-07-22 03:00:00,0.0032358794
2026-07-22 04:00:00,-0.08736711
2026-07-22 05:00:00,0.028204825
2026-07-22 06:00:00,0.2632299
2026-07-22 07:00:00,0.53545874
2026-07-22 08:00:00,0.8104568
2026-07-22 09:00:00,0.9945196
2026-07-22 10:00:00,1.0638165
2026-07-22 11:00:00,0.9855964
2026-07-22 12:00:00,0.780422
2026-07-22 13:00:00,0.45634013
2026-07-22 14:00:00,0.12818529
2026-07-22 15:00:00,-0.16063222
2026-07-22 16:00:00,-0.34013027
2026-07-22 17:00:00,-0.31362003
2026-07-22 18:00:00,-0.080600485
2026-07-22 19:00:00,0.23234192
2026-07-22 20:00:00,0.5592572
2026-07-22 21:00:00,0.86838794
2026-07-22 22:00:00,1.1027068
2026-07-22 23:00:00,1.1927617
2026-07-23 00:00:00,1.1235855
2026-07-23 01:00:00,0.91351116
2026-07-23 02:00:00,0.63473105
2026-07-23 03:00:00,0.35325143
2026-07-23 04:00:00,0.126399
2026-07-23 05:00:00,0.0020156826
2026-07-23 06:00:00,0.020588154
2026-07-23 07:00:00,0.1466754
2026-07-23 08:00:00,0.33897576
2026-07-23 09:00:00,0.55547005
2026-07-23 10:00:00,0.7184626
2026-07-23 11:00:00,0.78075105
2026-07-23 12:00:00,0.74511665
2026-07-23 13:00:00,0.63106024
2026-07-23 14:00:00,0.41371292
2026-07-23 15:00:00,0.14664003
2026-07-23 16:00:00,-0.10770102
2026-07-23 17:00:00,-0.26198876
2026-07-23 18:00:00,-0.26026252
2026-07-23 19:00:00,-0.10308924
2026-07-23 20:00:00,0.15215068
2026-07-23 21:00:00,0.44464996
2026-07-23 22:00:00,0.752616
2026-07-23 23:00:00,0.99262315
2026-07-24 00:00:00,1.1079918
2026-07-24 01:00:00,1.089803
2026-07-24 02:00:00,0.9534896
2026-07-24 03:00:00,0.72962075
2026-07-24 04:00:00,0.45886788
2026-07-24 05:00:00,0.20682697
2026-07-24 06:00:00,0.035556044
2026-07-24 07:00:00,-0.030431
2026-07-24 08:00:00,0.019999407
2026-07-24 09:00:00,0.15749706
2026-07-24 10:00:00,0.36506242
2026-07-24 11:00:00,0.57240033
2026-07-24 12:00:00,0.68573296
2026-07-24 13:00:00,0.70318
2026-07-24 14:00:00,0.6461224
2026-07-24 15:00:00,0.50634027
2026-07-24 16:00:00,0.24455264
2026-07-24 17:00:00,-0.02495834
2026-07-24 18:00:00,-0.2133285
